{
  "Baseline (D3 only)": {
    "Random Forest": {
      "accuracy": 0.8336382009476956,
      "precision": 0.928772368622174,
      "recall": 0.6927921623512946,
      "f1": 0.7935828024119634,
      "roc_auc": 0.8235959307346885,
      "ap_score": 0.785246835907455
    },
    "SVM (Linear)": {
      "accuracy": 0.5732741367918838,
      "precision": 0.532440700028535,
      "recall": 0.6198973641240961,
      "f1": 0.572823821518298,
      "roc_auc": 0.6192174945782091,
      "ap_score": 0.5766238443462357
    },
    "Logistic Regression": {
      "accuracy": 0.5766121854388112,
      "precision": 0.5363946033097342,
      "recall": 0.6106834616281782,
      "f1": 0.5710859623891115,
      "roc_auc": 0.6216857959814795,
      "ap_score": 0.5846578269680682
    }
  },
  "D3 + Color": {
    "Random Forest": {
      "accuracy": 0.8302465802585538,
      "precision": 0.7968133410699156,
      "recall": 0.8487287147189176,
      "f1": 0.8219343813120576,
      "roc_auc": 0.831564645474653,
      "ap_score": 0.7461007267330956
    },
    "SVM (Linear)": {
      "accuracy": 0.6321198731007794,
      "precision": 0.5912699437926526,
      "recall": 0.6576860275250759,
      "f1": 0.6227031289119552,
      "roc_auc": 0.6849148767277696,
      "ap_score": 0.6423933867287813
    },
    "Logistic Regression": {
      "accuracy": 0.6369117405430433,
      "precision": 0.5973200954235013,
      "recall": 0.655003498950315,
      "f1": 0.624824105678803,
      "roc_auc": 0.6921609948675961,
      "ap_score": 0.6498208138057969
    }
  },
  "D3 + Color + Temporal": {
    "Random Forest": {
      "accuracy": 0.882146733032349,
      "precision": 0.8429581914035434,
      "recall": 0.9152087707021227,
      "f1": 0.877598152262186,
      "roc_auc": 0.8845040339241971,
      "ap_score": 0.8106501023986716
    },
    "SVM (Linear)": {
      "accuracy": 0.9297404883669453,
      "precision": 0.9181105283577868,
      "recall": 0.930837415442034,
      "f1": 0.9244212688892928,
      "roc_auc": 0.9738139982758925,
      "ap_score": 0.9747075976978216
    },
    "Logistic Regression": {
      "accuracy": 0.9347474787315253,
      "precision": 0.9255512880957809,
      "recall": 0.933753207371122,
      "f1": 0.9296329581133879,
      "roc_auc": 0.9772240627960044,
      "ap_score": 0.9797196894463225
    }
  },
  "Full D3+": {
    "Random Forest": {
      "accuracy": 0.9999461584019814,
      "precision": 1.0,
      "recall": 0.9998833683228364,
      "f1": 0.9999416739574221,
      "roc_auc": 0.9999416841614183,
      "ap_score": 0.9999372099208551
    },
    "SVM (Linear)": {
      "accuracy": 0.9994616014105108,
      "precision": 0.9995337176306441,
      "recall": 0.9993002099370188,
      "f1": 0.9994167394492616,
      "roc_auc": 0.9996229142720598,
      "ap_score": 0.9997558435774279
    },
    "Logistic Regression": {
      "accuracy": 0.9992462350184362,
      "precision": 0.9996499001943603,
      "recall": 0.9987170515512013,
      "f1": 0.9991829245106237,
      "roc_auc": 0.9993468549270567,
      "ap_score": 0.9995775006803299
    }
  }
}